iso3,country_name,Births_2020,LiveBirths_2020,Stillbirths_2020,Preterm_2014,life_exp_birth_2020,coverage_SBA,SBA_coverage_note,p.anc1.ihme.2019,p.anc4.ihme.2019,iap_coverage,iap_policy,wb_gdp_per_capita_usd_2020,note_on_wb_gdp_per_capita_usd_2020,wb_health_expenditure_per_capita_usd_2019,note_on_wb_health_expenditure_per_capita_usd_2019,cost_acute_mn_log,cost_acute_se_log,cost_acute_comment,cost_vax_del_mn_log,cost_vax_del_se_log,,cet_ochalek_percent_gdppc,cet_ochalek_usd_2020,cet_woods_percent_gdppc,cet_woods_mid_usd_2020,cet_woods_ochalek,cet_woods_ochalek_comment,p.preterm_covered,p.preterm_covered_comment
AFG,Afghanistan,1204853,1170635.175,34217.8252,0.104022217,65.173,58.8,,0.692068788,0.240383577,0.2,risk-based,516.75,,65.81,,4.736479077,0.409273586,log-log regression against wb_health_expenditure_per_capita_usd_2019,-1.265380822,0.490973566,log-log regression against wb_gdp_per_capita_usd_2020,,0,0.331,171.04,171.04,ochalek if available else woods mid point,0.58579515,Estimated from Clint's ANC data - uses highest LMIC value for all HICs
AGO,Angola,1243046.4,1218434.081,24612.31872,0.119657974,61.487,49.6,,0.903202983,0.704817429,0,none,1776.17,,71.33,,4.836190584,0.401860122,log-log regression against wb_health_expenditure_per_capita_usd_2019,-0.171573179,0.348736608,log-log regression against wb_gdp_per_capita_usd_2020,,0,0.42,745.99,745.99,ochalek if available else woods mid point,0.557241925,Estimated from Clint's ANC data - uses highest LMIC value for all HICs
ALB,Albania,34014.8,33875.33932,139.46068,0.08716135,78.67178049,99.8,,0.91697539,0.814786662,0.8,screen_and_risk-based,5246.29,,274.91,extrapolated from gdp per capita using log-log regression,6.506351871,0.287932322,log-log regression against wb_health_expenditure_per_capita_usd_2019,0.787934416,0.235845118,log-log regression against wb_gdp_per_capita_usd_2020,0.7275,3816.68,0.419,2198.2,3816.68,ochalek if available else woods mid point,0.783630953,Estimated from Clint's ANC data - uses highest LMIC value for all HICs
ARE,United Arab Emirates,99412.8,98925.67728,487.12272,0.055035419,78.12,99.2,,0.994955633,0.871399459,0,none,36284.56,,1842.69,,8.861612562,0.207559325,log-log regression against wb_health_expenditure_per_capita_usd_2019,2.501192196,0.167083349,log-log regression against wb_gdp_per_capita_usd_2020,,0,,0,24638.59,log-log regression against gdp per capita,0.852,Estimated from Clint's ANC data - uses highest LMIC value for all HICs
ARG,Argentina,755236.6,751233.846,4002.75398,0.08376061,76.68158537,99.5,,0.991713836,0.954567696,0.6,screen_and_risk-based,8579.02,,945.99,,8.036204879,0.218131023,log-log regression against wb_health_expenditure_per_capita_usd_2019,1.223629243,0.193961349,log-log regression against wb_gdp_per_capita_usd_2020,0.4825,4139.38,,0,4139.38,ochalek if available else woods mid point,0.852,Estimated from Clint's ANC data - uses highest LMIC value for all HICs
ARM,Armenia,41700.2,41162.26742,537.93258,0.104022217,75.224,99.8,,0.992348922,0.96433972,0,none,4266.02,,524,,7.304893618,0.245140204,log-log regression against wb_health_expenditure_per_capita_usd_2019,0.604690571,0.255786055,log-log regression against wb_gdp_per_capita_usd_2020,0.355,1514.44,0.303,1292.6,1514.44,ochalek if available else woods mid point,0.716049266,Estimated from Clint's ANC data - uses highest LMIC value for all HICs
ATG,Antigua and Barbuda,1480,1471.86,8.14,0.098278723,77.146,100,,0.990712792,0.980821675,0,none,13992.74,,760.26,,7.765622681,0.226444656,log-log regression against wb_health_expenditure_per_capita_usd_2019,1.657038754,0.164704677,log-log regression against wb_gdp_per_capita_usd_2020,,0,0.422,5904.94,5904.94,ochalek if available else woods mid point,0.852,Estimated from Clint's ANC data - uses highest LMIC value for all HICs
AUS,Australia,318313.6,317613.3101,700.28992,0.086,83.54795122,98.7,,0.983968883,0.923282135,0.8,screen_and_risk-based,51692.84,,5427.46,,10.19890945,0.239683081,log-log regression against wb_health_expenditure_per_capita_usd_2019,2.814743667,0.188028946,log-log regression against wb_gdp_per_capita_usd_2020,,0,0.657,33962.2,33962.2,ochalek if available else woods mid point,0.852,Estimated from Clint's ANC data - uses highest LMIC value for all HICs
AUT,Austria,87849.6,87656.33088,193.26912,0.07933787,81.59146341,98.4,,0.994560668,0.990037978,0.8,screen_and_risk-based,48586.8,,5242.18,,10.15591047,0.237842929,log-log regression against wb_health_expenditure_per_capita_usd_2019,2.75984543,0.183774602,log-log regression against wb_gdp_per_capita_usd_2020,,0,0.617,29978.06,29978.06,ochalek if available else woods mid point,0.852,Estimated from Clint's ANC data - uses highest LMIC value for all HICs
AZE,Azerbaijan,168805.8,167286.5478,1519.2522,0.104022217,73.04170732,99.39,,0.900048242,0.684464624,0,none,4221.41,,193.11,,6.069125426,0.315342788,log-log regression against wb_health_expenditure_per_capita_usd_2019,0.595377666,0.256826878,log-log regression against wb_gdp_per_capita_usd_2020,0.305,1287.53,0.632,2667.93,1287.53,ochalek if available else woods mid point,0.603738678,Estimated from Clint's ANC data - uses highest LMIC value for all HICs
BDI,Burundi,432821.4,421524.7615,11296.63854,0.119657974,61.916,85.1,,0.993624335,0.418942759,0,none,238.99,,20.57,,3.296811414,0.520502796,log-log regression against wb_health_expenditure_per_capita_usd_2019,-1.948548004,0.582707159,log-log regression against wb_gdp_per_capita_usd_2020,0.405,96.79,0.229,54.73,96.79,ochalek if available else woods mid point,0.478783617,Estimated from Clint's ANC data - uses highest LMIC value for all HICs
BEL,Belgium,124374.8,124026.5506,348.24944,0.100676365,81.70673171,99,HIC region average,0.995257753,0.991141973,0.8,screen_and_risk-based,45159.35,,4960.39,,10.08750953,0.235007426,log-log regression against wb_health_expenditure_per_capita_usd_2019,2.695036257,0.179048774,log-log regression against wb_gdp_per_capita_usd_2020,,0,0.592,26734.34,26734.34,ochalek if available else woods mid point,0.852,Estimated from Clint's ANC data - uses highest LMIC value for all HICs
BEN,Benin,413132.4,404745.8123,8386.58772,0.093038616,62.077,78.1,,0.902659341,0.540068791,0,none,1291.04,,29.13,,3.727539909,0.486546476,log-log regression against wb_health_expenditure_per_capita_usd_2019,-0.454192077,0.384662468,log-log regression against wb_gdp_per_capita_usd_2020,0.2575,332.44,0.202,260.79,332.44,ochalek if available else woods mid point,0.614554732,Estimated from Clint's ANC data - uses highest LMIC value for all HICs
BFA,Burkina Faso,744929.4,730403.2767,14526.1233,0.119657974,61.981,79.8,,0.962273438,0.582984512,0,none,857.93,,42.34,,4.19049098,0.450634965,log-log regression against wb_health_expenditure_per_capita_usd_2019,-0.816251189,0.431640445,log-log regression against wb_gdp_per_capita_usd_2020,0.26,223.06,0.303,259.95,223.06,ochalek if available else woods mid point,0.519942184,Estimated from Clint's ANC data - uses highest LMIC value for all HICs
BGD,Bangladesh,2946483.8,2874884.244,71599.55634,0.191495056,72.868,59,,0.862728424,0.415032968,0.2,risk-based,1961.61,,45.86,,4.289355499,0.443058196,log-log regression against wb_health_expenditure_per_capita_usd_2019,-0.083595691,0.337723261,log-log regression against wb_gdp_per_capita_usd_2020,0.115,225.59,0.183,358.97,225.59,ochalek if available else woods mid point,0.552607723,Estimated from Clint's ANC data - uses highest LMIC value for all HICs
BGR,Bulgaria,63354.8,63038.026,316.774,0.090149117,75.14341463,99.8,,0.985985678,0.943493929,0.6,screen_and_risk-based,10079.2,,697.9,,7.659672537,0.23026759,log-log regression against wb_health_expenditure_per_capita_usd_2019,1.366399199,0.18261335,log-log regression against wb_gdp_per_capita_usd_2020,0.755,7609.8,0.477,4807.78,7609.8,ochalek if available else woods mid point,0.547739119,Estimated from Clint's ANC data - uses highest LMIC value for all HICs
BHR,Bahrain,21806.2,21677.54342,128.65658,0.103475866,77.419,99.9,,0.994189637,0.983110144,0,none,20409.95,,940.4,,8.0288679,0.218327506,log-log regression against wb_health_expenditure_per_capita_usd_2019,1.991459812,0.155193547,log-log regression against wb_gdp_per_capita_usd_2020,,0,0.604,12327.61,12327.61,ochalek if available else woods mid point,0.852,Estimated from Clint's ANC data - uses highest LMIC value for all HICs
BHS,Bahamas,5385.8,5323.32472,62.47528,0.098278723,74.053,99,,0.963260712,0.867583582,0,none,25194.03,,2004.62,,8.965883296,0.207938211,log-log regression against wb_health_expenditure_per_capita_usd_2019,2.178021152,0.155887035,log-log regression against wb_gdp_per_capita_usd_2020,,0,,0,15797.7,log-log regression against gdp per capita,0.852,Estimated from Clint's ANC data - uses highest LMIC value for all HICs
BIH,Bosnia and Herzegovina,27490,27413.028,76.972,0.067259221,77.545,99.9,,0.990779227,0.968916809,0.8,screen_and_risk-based,6079.74,,553.82,,7.373412126,0.242035741,log-log regression against wb_health_expenditure_per_capita_usd_2019,0.918555347,0.222354709,log-log regression against wb_gdp_per_capita_usd_2020,,0,0.324,1969.84,1969.84,ochalek if available else woods mid point,0.549442565,Estimated from Clint's ANC data - uses highest LMIC value for all HICs
BLR,Belarus,111818.2,111594.5636,223.6364,0.042804289,74.64902439,99.9,,0.994466295,0.993110069,0.8,screen_and_risk-based,6424.15,,399.4,,6.968753233,0.261786192,log-log regression against wb_health_expenditure_per_capita_usd_2019,0.967371736,0.217494637,log-log regression against wb_gdp_per_capita_usd_2020,0.715,4593.27,0.566,3636.07,4593.27,ochalek if available else woods mid point,0.543626683,Estimated from Clint's ANC data - uses highest LMIC value for all HICs
BLZ,Belize,7922.4,7870.9044,51.4956,0.098278723,74.754,94,,0.980298096,0.892529118,0,none,4115.18,,293.41,,6.586976532,0.2831403,log-log regression against wb_health_expenditure_per_capita_usd_2019,0.572798524,0.259360337,log-log regression against wb_gdp_per_capita_usd_2020,0.8225,3384.74,0.324,1333.32,3384.74,ochalek if available else woods mid point,0.556764265,Estimated from Clint's ANC data - uses highest LMIC value for all HICs
BOL,Bolivia (Plurinational State of),246636.8,244441.7325,2195.06752,0.098278723,71.771,81.1,,0.927096472,0.78960166,0,none,3133.1,,245.92,,6.368397019,0.296333171,log-log regression against wb_health_expenditure_per_capita_usd_2019,0.331243517,0.287252502,log-log regression against wb_gdp_per_capita_usd_2020,0.8475,2655.3,0.284,889.8,2655.3,ochalek if available else woods mid point,0.729409431,Estimated from Clint's ANC data - uses highest LMIC value for all HICs
BRA,Brazil,2934460.2,2912451.749,22008.4515,0.1117701,76.084,99.1,,0.964368238,0.919784,0.6,screen_and_risk-based,6796.84,,853.39,,7.908676284,0.221780326,log-log regression against wb_health_expenditure_per_capita_usd_2019,1.017331918,0.212634107,log-log regression against wb_gdp_per_capita_usd_2020,0.93,6321.06,0.564,3833.42,6321.06,ochalek if available else woods mid point,0.684486749,Estimated from Clint's ANC data - uses highest LMIC value for all HICs
BRB,Barbados,3062,3039.3412,22.6588,0.098278723,79.308,99.1,,0.984227788,0.848643747,0,none,15373.85,,1143.32,,8.270747756,0.21275475,log-log regression against wb_health_expenditure_per_capita_usd_2019,1.740429993,0.161111433,log-log regression against wb_gdp_per_capita_usd_2020,,0,,0,8655.68,log-log regression against gdp per capita,0.852,Estimated from Clint's ANC data - uses highest LMIC value for all HICs
BRN,Brunei Darussalam,6391,6361.6014,29.3986,0.104022217,75.998,99.8,,0.98549353,0.984626947,0,none,27442.95,,671.56,,7.612045274,0.232083607,log-log regression against wb_health_expenditure_per_capita_usd_2019,2.253769416,0.157414893,log-log regression against wb_gdp_per_capita_usd_2020,,0,0.888,24369.34,24369.34,ochalek if available else woods mid point,0.852,Estimated from Clint's ANC data - uses highest LMIC value for all HICs
BTN,Bhutan,13114.6,12987.38838,127.21162,0.104022217,72.08,96.3,,0.981290425,0.84197083,0,none,3000.78,,115.98,,5.437962557,0.358275899,log-log regression against wb_health_expenditure_per_capita_usd_2019,0.293015412,0.291783072,log-log regression against wb_gdp_per_capita_usd_2020,,0,0.277,831.22,831.22,ochalek if available else woods mid point,0.531995654,Estimated from Clint's ANC data - uses highest LMIC value for all HICs
BWA,Botswana,56157.2,55303.61056,853.58944,0.119657974,69.793,99.8,,0.980308712,0.905697977,0,none,6404.9,,481.53,,7.200257571,0.250078082,log-log regression against wb_health_expenditure_per_capita_usd_2019,0.964713083,0.217756575,log-log regression against wb_gdp_per_capita_usd_2020,0.425,2722.08,0.504,3228.07,2722.08,ochalek if available else woods mid point,0.572293832,Estimated from Clint's ANC data - uses highest LMIC value for all HICs
CAF,Central African Republic,165063.6,160144.7047,4918.89528,0.119657974,53.679,40.3,,0.810633836,0.429696076,0,none,492.8,,37.2,,4.030270213,0.462986363,log-log regression against wb_health_expenditure_per_capita_usd_2019,-1.307422917,0.496573999,log-log regression against wb_gdp_per_capita_usd_2020,,0,0.231,113.84,113.84,ochalek if available else woods mid point,0.591723777,Estimated from Clint's ANC data - uses highest LMIC value for all HICs
CAN,Canada,385532.8,384453.3082,1079.49184,0.081515856,82.507,98,,0.990925768,0.981807156,0.8,screen_and_risk-based,43294.65,,5048.37,,10.10927412,0.235897245,log-log regression against wb_health_expenditure_per_capita_usd_2019,2.657678481,0.176480089,log-log regression against wb_gdp_per_capita_usd_2020,,0,0.656,28401.29,28401.29,ochalek if available else woods mid point,0.852,Estimated from Clint's ANC data - uses highest LMIC value for all HICs
CHE,Switzerland,87470.2,87277.76556,192.43444,0.071925364,83.83717073,99,HIC region average,0.996165063,0.99285653,0.8,screen_and_risk-based,87097.04,,9666.34,,10.91343175,0.275867993,log-log regression against wb_health_expenditure_per_capita_usd_2019,3.276932053,0.231032337,log-log regression against wb_gdp_per_capita_usd_2020,,0,0.578,50342.09,50342.09,ochalek if available else woods mid point,0.852,Estimated from Clint's ANC data - uses highest LMIC value for all HICs
CHL,Chile,231144.6,230428.0517,716.54826,0.07928381,80.329,99.8,,0.951497307,0.931626522,0.6,screen_and_risk-based,13231.7,,1375.8,,8.499892493,0.209277361,log-log regression against wb_health_expenditure_per_capita_usd_2019,1.607495233,0.167190935,log-log regression against wb_gdp_per_capita_usd_2020,,0,0.528,6986.34,6986.34,ochalek if available else woods mid point,0.852,Estimated from Clint's ANC data - uses highest LMIC value for all HICs
CHN,China,16977980.6,16884601.71,93378.8933,0.069421854,77.12763415,99.9,,0.974281204,0.827508507,0,none,10434.78,,535.13,,7.330913033,0.243948987,log-log regression against wb_health_expenditure_per_capita_usd_2019,1.397114592,0.180369484,log-log regression against wb_gdp_per_capita_usd_2020,0.6,6260.87,0.356,3714.78,6260.87,ochalek if available else woods mid point,0.562212739,Estimated from Clint's ANC data - uses highest LMIC value for all HICs
CIV,Cote d'Ivoire,890283.6,869629.0205,20654.57952,0.119657974,58.104,73.6,,0.947660363,0.54275384,0,none,2325.72,,75.09,,4.899784941,0.397157575,log-log regression against wb_health_expenditure_per_capita_usd_2019,0.067244918,0.319067036,log-log regression against wb_gdp_per_capita_usd_2020,0.165,383.74,0.202,469.8,383.74,ochalek if available else woods mid point,0.560422516,Estimated from Clint's ANC data - uses highest LMIC value for all HICs
CMR,Cameroon,887450.8,870234.2545,17216.54552,0.119657974,59.626,69,,0.910524472,0.699325205,0,none,1537.13,,54,,4.491626288,0.427671624,log-log regression against wb_health_expenditure_per_capita_usd_2019,-0.299626309,0.36491887,log-log regression against wb_gdp_per_capita_usd_2020,0.1,153.71,0.254,390.43,153.71,ochalek if available else woods mid point,0.543252385,Estimated from Clint's ANC data - uses highest LMIC value for all HICs
COD,Democratic Republic of the Congo,3433710.2,3340313.283,93396.91744,0.098325596,60.971,85.2,,0.939726959,0.575150525,0,none,543.95,,20.57,,3.296811414,0.520502796,log-log regression against wb_health_expenditure_per_capita_usd_2019,-1.21993471,0.484927628,log-log regression against wb_gdp_per_capita_usd_2020,0.1325,72.07,0.236,128.37,72.07,ochalek if available else woods mid point,0.537265757,Estimated from Clint's ANC data - uses highest LMIC value for all HICs
COG,Congo,171433.4,168861.899,2571.501,0.119657974,64.804,91.2,,0.964941752,0.861077021,0,none,1846.13,,48.56,,4.360175159,0.437652901,log-log regression against wb_health_expenditure_per_capita_usd_2019,-0.137348092,0.344441471,log-log regression against wb_gdp_per_capita_usd_2020,0.7775,1435.37,0.387,714.45,1435.37,ochalek if available else woods mid point,0.516491518,Estimated from Clint's ANC data - uses highest LMIC value for all HICs
COL,Colombia,739472.6,734222.3445,5250.25546,0.145490704,77.46,98.8,,0.978576165,0.921999794,0,none,5334.56,,495.33,,7.235236886,0.24840157,log-log regression against wb_health_expenditure_per_capita_usd_2019,0.802716233,0.234285519,log-log regression against wb_gdp_per_capita_usd_2020,1.5525,8281.9,0.558,2976.68,8281.9,ochalek if available else woods mid point,0.749080601,Estimated from Clint's ANC data - uses highest LMIC value for all HICs
COM,Comoros,26423,25772.9942,650.0058,0.119657974,64.525,82.2,,0.964021041,0.671227062,0,none,1420.66,,72.32,,4.85325424,0.400596331,log-log regression against wb_health_expenditure_per_capita_usd_2019,-0.369432917,0.373809038,log-log regression against wb_gdp_per_capita_usd_2020,0.38,539.85,0.19,269.93,539.85,ochalek if available else woods mid point,0.605789212,Estimated from Clint's ANC data - uses highest LMIC value for all HICs
CPV,Cabo Verde,10639,10523.0349,115.9651,0.119657974,73.166,97.3,,0.995624486,0.863319287,0,none,3064.27,,177.89,,5.967495828,0.322016835,log-log regression against wb_health_expenditure_per_capita_usd_2019,0.311564048,0.289581244,log-log regression against wb_gdp_per_capita_usd_2020,0.8,2451.42,0.374,1146.04,2451.42,ochalek if available else woods mid point,0.556731113,Estimated from Clint's ANC data - uses highest LMIC value for all HICs
CRI,Costa Rica,70147.4,69831.7367,315.6633,0.098278723,80.465,98.5,,0.986674052,0.948072971,0.2,screen_and_risk-based,12140.85,,921.59,,8.003855126,0.219009851,log-log regression against wb_health_expenditure_per_capita_usd_2019,1.531270854,0.171496546,log-log regression against wb_gdp_per_capita_usd_2020,1.5275,18545.15,0.388,4710.65,18545.15,ochalek if available else woods mid point,0.557168883,Estimated from Clint's ANC data - uses highest LMIC value for all HICs
CUB,Cuba,115717.4,114918.9499,798.45006,0.06,78.892,100,,0.993404929,0.986016145,0,none,9477.85,,1031.92,,8.143838362,0.215443183,log-log regression against wb_health_expenditure_per_capita_usd_2019,1.311900508,0.186773109,log-log regression against wb_gdp_per_capita_usd_2020,,0,,0,4802.83,log-log regression against gdp per capita,0.555596945,Estimated from Clint's ANC data - uses highest LMIC value for all HICs
CYP,Cyprus,12551,12519.6225,31.3775,0.18699276,81.135,99.3,,0.993119496,0.988263022,0,none,27527.85,,1996.46,,8.960833786,0.207910856,log-log regression against wb_health_expenditure_per_capita_usd_2019,2.256505952,0.157483235,log-log regression against wb_gdp_per_capita_usd_2020,,0,0.544,14975.15,14975.15,ochalek if available else woods mid point,0.852,Estimated from Clint's ANC data - uses highest LMIC value for all HICs
CZE,Czechia,111357.8,111068.2697,289.53028,0.07605134,79.43760976,99.8,,0.992668311,0.978336958,0.8,screen_and_risk-based,22931.27,,1844.22,,8.862640021,0.207561148,log-log regression against wb_health_expenditure_per_capita_usd_2019,2.094651007,0.155032349,log-log regression against wb_gdp_per_capita_usd_2020,,0,0.502,11511.5,11511.5,ochalek if available else woods mid point,0.852,Estimated from Clint's ANC data - uses highest LMIC value for all HICs
DEU,Germany,779236.4,777132.4617,2103.93828,0.08873368,81.43041463,98.8,,0.990770258,0.988525652,0.6,screen_and_risk-based,46208.43,,5440.25,,10.2018233,0.239809358,log-log regression against wb_health_expenditure_per_capita_usd_2019,2.715381356,0.180496324,log-log regression against wb_gdp_per_capita_usd_2020,,0,0.605,27956.1,27956.1,ochalek if available else woods mid point,0.852,Estimated from Clint's ANC data - uses highest LMIC value for all HICs
DJI,Djibouti,20631.6,20055.97836,575.62164,0.119657974,67.49,87.4,,0.971256229,0.228667201,0,none,3425.48,,61.81,,4.658850938,0.415077688,log-log regression against wb_health_expenditure_per_capita_usd_2019,0.41028425,0.277979061,log-log regression against wb_gdp_per_capita_usd_2020,,0,0.175,599.46,599.46,ochalek if available else woods mid point,0.552043652,Estimated from Clint's ANC data - uses highest LMIC value for all HICs
DNK,Denmark,61282.6,61160.0348,122.5652,0.07207974,80.9872439,95.3,,0.995444115,0.991539668,0.6,risk-based,61063.32,,6003.33,,10.32374885,0.245267372,log-log regression against wb_health_expenditure_per_capita_usd_2019,2.962331149,0.200488221,log-log regression against wb_gdp_per_capita_usd_2020,,0,0.606,37004.37,37004.37,ochalek if available else woods mid point,0.852,Estimated from Clint's ANC data - uses highest LMIC value for all HICs
DOM,Dominican Republic,207971,205745.7103,2225.2897,0.098278723,74.257,99.8,,0.993696863,0.951217842,0,none,7268.2,,491.06,,7.224518792,0.248912562,log-log regression against wb_health_expenditure_per_capita_usd_2019,1.076733717,0.207015406,log-log regression against wb_gdp_per_capita_usd_2020,0.5575,4052.02,0.333,2420.31,4052.02,ochalek if available else woods mid point,0.640478719,Estimated from Clint's ANC data - uses highest LMIC value for all HICs
DZA,Algeria,1031793.8,1021991.759,9802.0411,0.134051542,77.063,98.8,,0.943348829,0.691662285,0,none,3306.86,,248.21,,6.379871499,0.295625146,log-log regression against wb_health_expenditure_per_capita_usd_2019,0.379062158,0.281626502,log-log regression against wb_gdp_per_capita_usd_2020,1.2275,4059.17,0.569,1881.6,4059.17,ochalek if available else woods mid point,0.574376126,Estimated from Clint's ANC data - uses highest LMIC value for all HICs
ECU,Ecuador,336113.6,333189.4117,2924.18832,0.08018239,77.216,96,,0.971097233,0.905571979,0,none,5600.39,,486.49,,7.212943924,0.249467099,log-log regression against wb_health_expenditure_per_capita_usd_2019,0.84579844,0.229786394,log-log regression against wb_gdp_per_capita_usd_2020,0.935,5236.36,0.331,1853.73,5236.36,ochalek if available else woods mid point,0.565056231,Estimated from Clint's ANC data - uses highest LMIC value for all HICs
EGY,Egypt,2584496,2561235.536,23260.464,0.134051542,72.15,91.5,,0.952370376,0.895629621,0,none,3569.21,,149.84,,5.755065675,0.336282381,log-log regression against wb_health_expenditure_per_capita_usd_2019,0.446697989,0.273752269,log-log regression against wb_gdp_per_capita_usd_2020,0.3425,1222.45,0.353,1259.93,1222.45,ochalek if available else woods mid point,0.711109775,Estimated from Clint's ANC data - uses highest LMIC value for all HICs
ERI,Eritrea,105531,103599.7827,1931.2173,0.119657974,66.679,34.1,,0.887269762,0.639606722,0,none,587.68,Value from WEO,25.27,,3.55156348,0.500362458,log-log regression against wb_health_expenditure_per_capita_usd_2019,-1.151430618,0.475830442,log-log regression against wb_gdp_per_capita_usd_2020,0.2375,139.57,0.246,144.57,139.57,ochalek if available else woods mid point,0.542594811,Estimated from Clint's ANC data - uses highest LMIC value for all HICs
ESP,Spain,397799.2,396924.0418,875.15824,0.06471544,83.60097561,99,HIC region average,0.994038308,0.988339731,0.8,screen_and_risk-based,27063.19,,2711.19,,9.339663614,0.212463484,log-log regression against wb_health_expenditure_per_capita_usd_2019,2.241424277,0.157117882,log-log regression against wb_gdp_per_capita_usd_2020,,0,0.56,15155.39,15155.39,ochalek if available else woods mid point,0.852,Estimated from Clint's ANC data - uses highest LMIC value for all HICs
EST,Estonia,13677.8,13647.70884,30.09116,0.05653866,78.5987561,99.7,,0.994300034,0.991885491,0.8,screen_and_risk-based,23027.03,,1598.82,,8.685871402,0.207807727,log-log regression against wb_health_expenditure_per_capita_usd_2019,2.098342873,0.155051626,log-log regression against wb_gdp_per_capita_usd_2020,,0,0.495,11398.38,11398.38,ochalek if available else woods mid point,0.852,Estimated from Clint's ANC data - uses highest LMIC value for all HICs
ETH,Ethiopia,3514445.8,3427990.433,86455.36668,0.119657974,66.953,49.8,,0.735815623,0.429416877,0,none,936.34,,26.74,,3.621560865,0.494857005,log-log regression against wb_health_expenditure_per_capita_usd_2019,-0.738771918,0.421512875,log-log regression against wb_gdp_per_capita_usd_2020,0.31,290.27,0.207,193.82,290.27,ochalek if available else woods mid point,0.551720384,Estimated from Clint's ANC data - uses highest LMIC value for all HICs
FIN,Finland,51530,51426.94,103.06,0.05768663,82.00736585,100,,0.997250109,0.993181393,0.6,risk-based,48744.99,,4450.3,,9.953175248,0.229780913,log-log regression against wb_health_expenditure_per_capita_usd_2019,2.762725148,0.183992198,log-log regression against wb_gdp_per_capita_usd_2020,,0,0.579,28223.35,28223.35,ochalek if available else woods mid point,0.852,Estimated from Clint's ANC data - uses highest LMIC value for all HICs
FJI,Fiji,18950.8,18787.82312,162.97688,0.099769678,67.561,99.8,,0.992807522,0.945438245,0,none,5057.63,,235.68,,6.315745054,0.299602767,log-log regression against wb_health_expenditure_per_capita_usd_2019,0.755489171,0.239295727,log-log regression against wb_gdp_per_capita_usd_2020,,0,0.261,1320.04,1320.04,ochalek if available else woods mid point,0.557083512,Estimated from Clint's ANC data - uses highest LMIC value for all HICs
FRA,France,728763,725629.3191,3133.6809,0.084235601,82.65768293,98.1,,0.997244997,0.991851888,0.8,screen_and_risk-based,39030.36,,4491.74,,9.964649434,0.230209043,log-log regression against wb_health_expenditure_per_capita_usd_2019,2.565817944,0.170684659,log-log regression against wb_gdp_per_capita_usd_2020,,0,0.585,22832.76,22832.76,ochalek if available else woods mid point,0.852,Estimated from Clint's ANC data - uses highest LMIC value for all HICs
FSM,Micronesia (Federated States of),2559,2529.0597,29.9403,0.099769678,68.002,100,,0.879283712,0.825096111,0,none,3565.29,,415.2,,7.016782151,0.259273395,log-log regression against wb_health_expenditure_per_capita_usd_2019,0.445724462,0.273864882,log-log regression against wb_gdp_per_capita_usd_2020,,0,0.311,1108.81,1108.81,ochalek if available else woods mid point,0.547063615,Estimated from Clint's ANC data - uses highest LMIC value for all HICs
GAB,Gabon,66765.4,65844.03748,921.36252,0.119657974,66.69,89.3,,0.979876731,0.83748849,0,none,6881.72,,215.02,,6.20217002,0.306767374,log-log regression against wb_health_expenditure_per_capita_usd_2019,1.028326931,0.211580607,log-log regression against wb_gdp_per_capita_usd_2020,0.335,2305.38,0.703,4837.85,2305.38,ochalek if available else woods mid point,0.593166899,Estimated from Clint's ANC data - uses highest LMIC value for all HICs
GBR,United Kingdom,771935.8,769619.9926,2315.8074,0.070473127,81.37129268,99,HIC region average,0.991771732,0.987477433,0.6,risk-based,41059.17,,4312.89,,9.914348827,0.228358273,log-log regression against wb_health_expenditure_per_capita_usd_2019,2.610711471,0.173421534,log-log regression against wb_gdp_per_capita_usd_2020,,0,0.445,18271.33,18271.33,ochalek if available else woods mid point,0.852,Estimated from Clint's ANC data - uses highest LMIC value for all HICs
GEO,Georgia,54475.8,54165.28794,310.51206,0.104022217,73.78360976,99.9,,1.973444301,1.889409056,0,none,4266.69,,291.12,,6.577276648,0.283712028,log-log regression against wb_health_expenditure_per_capita_usd_2019,0.604829698,0.255770525,log-log regression against wb_gdp_per_capita_usd_2020,0.25,1066.67,0.276,1177.61,1066.67,ochalek if available else woods mid point,0.529732471,Estimated from Clint's ANC data - uses highest LMIC value for all HICs
GHA,Ghana,871269.4,852362.854,18906.54598,0.119657974,64.347,78.9,,0.984881829,0.889364342,0,none,2205.53,,75.28,,4.902913384,0.39692677,log-log regression against wb_health_expenditure_per_capita_usd_2019,0.020236312,0.324848194,log-log regression against wb_gdp_per_capita_usd_2020,0.3175,700.26,0.297,655.04,700.26,ochalek if available else woods mid point,0.610940922,Estimated from Clint's ANC data - uses highest LMIC value for all HICs
GIN,Guinea,449023,437707.6204,11315.3796,0.119657974,61.962,55.3,,0.900688957,0.62595419,0,none,1194.04,,43.04,,4.21079057,0.449076379,log-log regression against wb_health_expenditure_per_capita_usd_2019,-0.52338748,0.39356743,log-log regression against wb_gdp_per_capita_usd_2020,0.235,280.6,0.181,216.12,280.6,ochalek if available else woods mid point,0.574793475,Estimated from Clint's ANC data - uses highest LMIC value for all HICs
GMB,Gambia,87244.8,85334.13888,1910.66112,0.119657974,62.383,83.8,,0.994751077,0.801025306,0,none,773,,29.73,,3.752779463,0.484571851,log-log regression against wb_health_expenditure_per_capita_usd_2019,-0.9086027,0.443757911,log-log regression against wb_gdp_per_capita_usd_2020,0.6075,469.6,,0,469.6,ochalek if available else woods mid point,0.531292289,Estimated from Clint's ANC data - uses highest LMIC value for all HICs
GNB,Guinea-Bissau,65561,63449.9358,2111.0642,0.119657974,58.634,53.8,,0.943691118,0.667031345,0,none,727.52,,62.58,,4.67417756,0.413929557,log-log regression against wb_health_expenditure_per_capita_usd_2019,-0.962322809,0.450828009,log-log regression against wb_gdp_per_capita_usd_2020,0.1025,74.57,0.22,160.05,74.57,ochalek if available else woods mid point,0.53882417,Estimated from Clint's ANC data - uses highest LMIC value for all HICs
GNQ,Equatorial Guinea,43014.6,42365.07954,649.52046,0.119657974,59.057,68.3,,0.988171156,0.921340624,0,none,7143.24,,254.89,,6.412747828,0.293605675,log-log regression against wb_health_expenditure_per_capita_usd_2019,1.06136988,0.208451219,log-log regression against wb_gdp_per_capita_usd_2020,,0,0.915,6536.06,6536.06,ochalek if available else woods mid point,0.573130159,Estimated from Clint's ANC data - uses highest LMIC value for all HICs
GRC,Greece,82635.2,82379.03088,256.16912,0.1140978,82.34360976,99.9,,0.993232281,0.987538859,0.8,screen_and_risk-based,17622.54,,1500.59,,8.607375636,0.208277657,log-log regression against wb_health_expenditure_per_capita_usd_2019,1.861367784,0.157306782,log-log regression against wb_gdp_per_capita_usd_2020,,0,0.567,9991.98,9991.98,ochalek if available else woods mid point,0.852,Estimated from Clint's ANC data - uses highest LMIC value for all HICs
GRD,Grenada,1843.2,1825.13664,18.06336,0.098278723,72.426,100,,0.992971273,0.949323251,0.6,screen_and_risk-based,9261.55,,534.27,,7.328921929,0.244039615,log-log regression against wb_health_expenditure_per_capita_usd_2019,1.29144806,0.188390583,log-log regression against wb_gdp_per_capita_usd_2020,,0,0.342,3167.45,3167.45,ochalek if available else woods mid point,0.557464583,Estimated from Clint's ANC data - uses highest LMIC value for all HICs
GTM,Guatemala,423040.2,417667.5895,5372.61054,0.098278723,74.42397561,69.8,,0.965759397,0.83930924,0,none,4603.34,,271.02,,6.488709553,0.288992779,log-log regression against wb_health_expenditure_per_capita_usd_2019,0.672109913,0.248326109,log-log regression against wb_gdp_per_capita_usd_2020,0.3875,1783.79,0.269,1238.3,1783.79,ochalek if available else woods mid point,0.648721978,Estimated from Clint's ANC data - uses highest LMIC value for all HICs
GUY,Guyana,15592.2,15377.02764,215.17236,0.098278723,70.023,95.8,,0.983735788,0.91654999,0,none,6955.94,,325.89,,6.716948369,0.275611776,log-log regression against wb_health_expenditure_per_capita_usd_2019,1.03783052,0.210674866,log-log regression against wb_gdp_per_capita_usd_2020,0.48,3338.85,0.204,1419.01,3338.85,ochalek if available else woods mid point,0.559781567,Estimated from Clint's ANC data - uses highest LMIC value for all HICs
HND,Honduras,207332.4,205570.0746,1762.3254,0.098278723,75.448,74,,0.966735021,0.876267371,0,none,2389.01,,187.55,,6.032959125,0.317706007,log-log regression against wb_health_expenditure_per_capita_usd_2019,0.091031362,0.3161539,log-log regression against wb_gdp_per_capita_usd_2020,0.8675,2072.47,0.29,692.81,2072.47,ochalek if available else woods mid point,0.712374885,Estimated from Clint's ANC data - uses highest LMIC value for all HICs
HRV,Croatia,37234.2,37122.4974,111.7026,0.049941392,78.51734146,100,,0.9935383,0.987307185,0.4,risk-based,14134.16,,1040.09,,8.15360102,0.215217668,log-log regression against wb_health_expenditure_per_capita_usd_2019,1.665947525,0.16428481,log-log regression against wb_gdp_per_capita_usd_2020,,0,0.505,7137.75,7137.75,ochalek if available else woods mid point,0.852,Estimated from Clint's ANC data - uses highest LMIC value for all HICs
HTI,Haiti,271065.8,265671.5906,5394.20942,0.098278723,64.315,41.6,,0.911693059,0.621813538,0,none,1272.37,,56.99,,4.558341993,0.422632753,log-log regression against wb_health_expenditure_per_capita_usd_2019,-0.46709711,0.38632032,log-log regression against wb_gdp_per_capita_usd_2020,0.2025,257.65,0.159,202.31,257.65,ochalek if available else woods mid point,0.61429933,Estimated from Clint's ANC data - uses highest LMIC value for all HICs
HUN,Hungary,92248.6,91944.17962,304.42038,0.08840564,76.8354878,99.7,,0.991872861,0.983740141,0.8,screen_and_risk-based,15980.74,,1062.39,,8.179862847,0.214626356,log-log regression against wb_health_expenditure_per_capita_usd_2019,1.774729531,0.159858732,log-log regression against wb_gdp_per_capita_usd_2020,,0,0.473,7558.89,7558.89,ochalek if available else woods mid point,0.852,Estimated from Clint's ANC data - uses highest LMIC value for all HICs
IDN,Indonesia,4841680.4,4795684.436,45995.9638,0.104022217,71.908,94.7,,0.976091404,0.900452961,0,none,3869.59,,120.12,,5.481382027,0.355219636,log-log regression against wb_health_expenditure_per_capita_usd_2019,0.518284223,0.265533174,log-log regression against wb_gdp_per_capita_usd_2020,0.2025,783.59,0.339,1311.79,783.59,ochalek if available else woods mid point,0.709103087,Estimated from Clint's ANC data - uses highest LMIC value for all HICs
IND,India,24237732.6,23900828.12,336904.4831,0.136113081,69.887,81.4,,0.903798993,0.585671141,0.2,risk-based,1927.71,,63.75,,4.697108794,0.412213756,log-log regression against wb_health_expenditure_per_capita_usd_2019,-0.099039776,0.339649993,log-log regression against wb_gdp_per_capita_usd_2020,0.2,385.54,0.276,532.05,385.54,ochalek if available else woods mid point,0.616772883,Estimated from Clint's ANC data - uses highest LMIC value for all HICs
IRL,Ireland,62473,62298.0756,174.9244,0.06364744,82.4252439,99.7,,0.996074548,0.992203949,0.4,risk-based,85267.76,,5428.59,,10.19916716,0.239694241,log-log regression against wb_health_expenditure_per_capita_usd_2019,3.258127064,0.2290821,log-log regression against wb_gdp_per_capita_usd_2020,,0,0.421,35897.73,35897.73,ochalek if available else woods mid point,0.852,Estimated from Clint's ANC data - uses highest LMIC value for all HICs
IRN,Iran (Islamic Republic of),1551501.6,1540951.389,10550.21088,0.060435562,76.87,99,,0.984199417,0.954699265,0.2,screen_and_risk-based,2422.48,,470.43,,7.171386719,0.251480851,log-log regression against wb_health_expenditure_per_capita_usd_2019,0.103356969,0.31464769,log-log regression against wb_gdp_per_capita_usd_2020,,0,0.431,1044.09,1044.09,ochalek if available else woods mid point,0.571565643,Estimated from Clint's ANC data - uses highest LMIC value for all HICs
IRQ,Iraq,1103987.2,1091070.55,12916.65024,0.104022217,70.748,95.6,,0.971444201,0.732693324,0,none,4145.86,,253.31,,6.405050155,0.29407729,log-log regression against wb_health_expenditure_per_capita_usd_2019,0.579378856,0.258620557,log-log regression against wb_gdp_per_capita_usd_2020,,0,0.659,2732.12,2732.12,ochalek if available else woods mid point,0.576755138,Estimated from Clint's ANC data - uses highest LMIC value for all HICs
ISL,Iceland,4070.4,4062.66624,7.73376,0.08716135,83.10282927,98.2,,0.995494163,0.991643225,0.6,risk-based,59270.18,,6274.96,,10.37853192,0.247826888,log-log regression against wb_health_expenditure_per_capita_usd_2019,2.935926222,0.198157776,log-log regression against wb_gdp_per_capita_usd_2020,,0,0.456,27027.2,27027.2,ochalek if available else woods mid point,0.852,Estimated from Clint's ANC data - uses highest LMIC value for all HICs
ISR,Israel,169767.4,169292.0513,475.34872,0.085673952,83.03368293,99,HIC region average,0.992401087,0.986773111,0.4,risk-based,44168.94,,3456.39,,9.640285489,0.219520028,log-log regression against wb_health_expenditure_per_capita_usd_2019,2.675390491,0.177683307,log-log regression against wb_gdp_per_capita_usd_2020,,0,0.502,22172.81,22172.81,ochalek if available else woods mid point,0.852,Estimated from Clint's ANC data - uses highest LMIC value for all HICs
ITA,Italy,461609.6,460501.737,1107.86304,0.077917404,83.53478049,99.9,,0.99237012,0.987263179,0.6,screen_and_risk-based,31714.22,,2905.5,,9.425352341,0.21417679,log-log regression against wb_health_expenditure_per_capita_usd_2019,2.381923131,0.161566174,log-log regression against wb_gdp_per_capita_usd_2020,,0,0.578,18330.82,18330.82,ochalek if available else woods mid point,0.852,Estimated from Clint's ANC data - uses highest LMIC value for all HICs
JAM,Jamaica,47487.4,46884.31002,603.08998,0.098278723,74.586,99.7,,0.990519643,0.900946153,0,none,4664.53,,327.4,,6.722671153,0.275286118,log-log regression against wb_health_expenditure_per_capita_usd_2019,0.683808462,0.247045601,log-log regression against wb_gdp_per_capita_usd_2020,0.515,2402.23,0.345,1609.26,2402.23,ochalek if available else woods mid point,0.55813461,Estimated from Clint's ANC data - uses highest LMIC value for all HICs
JOR,Jordan,214646.4,212757.5117,1888.88832,0.177731171,74.655,99.7,,0.980242255,0.934107411,0.2,screen_and_risk-based,4282.77,,334.04,,6.74752696,0.273877583,log-log regression against wb_health_expenditure_per_capita_usd_2019,0.608162221,0.255398684,log-log regression against wb_gdp_per_capita_usd_2020,1.3425,5749.62,0.517,2214.19,5749.62,ochalek if available else woods mid point,0.829423514,Estimated from Clint's ANC data - uses highest LMIC value for all HICs
JPN,Japan,953388.2,951958.1177,1430.0823,0.05670532,84.64929268,99.9,,0.994248598,0.992419629,0.8,screen_and_risk-based,40193.25,,4360.47,,9.927931244,0.228851343,log-log regression against wb_health_expenditure_per_capita_usd_2019,2.591827946,0.172247562,log-log regression against wb_gdp_per_capita_usd_2020,,0,0.567,22789.57,22789.57,ochalek if available else woods mid point,0.852,Estimated from Clint's ANC data - uses highest LMIC value for all HICs
KAZ,Kazakhstan,388504.4,386406.4762,2097.92376,0.051757431,73.57102439,99.9,,0.996100616,0.92983701,0,none,9122.23,,272.97,,6.497584816,0.288458776,log-log regression against wb_health_expenditure_per_capita_usd_2019,1.278020035,0.189468656,log-log regression against wb_gdp_per_capita_usd_2020,0.47,4287.45,0.595,5427.73,4287.45,ochalek if available else woods mid point,0.614518793,Estimated from Clint's ANC data - uses highest LMIC value for all HICs
KEN,Kenya,1469068.2,1440127.556,28940.64354,0.08644063,66.991,70.2,,0.967165809,0.620033922,0,risk-based,1878.58,,83.41,,5.029870496,0.387603945,log-log regression against wb_health_expenditure_per_capita_usd_2019,-0.121911252,0.3425086,log-log regression against wb_gdp_per_capita_usd_2020,0.4175,784.31,0.188,353.17,784.31,ochalek if available else woods mid point,0.554763947,Estimated from Clint's ANC data - uses highest LMIC value for all HICs
KGZ,Kyrgyzstan,154868.2,153815.0962,1053.10376,0.104022217,71.54021951,99.8,,0.988411255,0.948853781,0,none,1173.61,,62.14,,4.665442739,0.41458376,log-log regression against wb_health_expenditure_per_capita_usd_2019,-0.538676752,0.395540148,log-log regression against wb_gdp_per_capita_usd_2020,0.7575,889.01,0.315,369.69,889.01,ochalek if available else woods mid point,0.660801913,Estimated from Clint's ANC data - uses highest LMIC value for all HICs
KHM,Cambodia,366329,361786.5204,4542.4796,0.104022217,70.054,89,,0.966869415,0.754288461,0,none,1543.67,,113.31,,5.409130115,0.360312718,log-log regression against wb_health_expenditure_per_capita_usd_2019,-0.295864991,0.364441165,log-log regression against wb_gdp_per_capita_usd_2020,0.21,324.17,0.242,373.57,324.17,ochalek if available else woods mid point,0.774000964,Estimated from Clint's ANC data - uses highest LMIC value for all HICs
KIR,Kiribati,3233.8,3187.55666,46.24334,0.099769678,68.611,91.9,,0.986534359,0.869714176,0,none,1653.54,,172.31,,5.928041881,0.324635017,log-log regression against wb_health_expenditure_per_capita_usd_2019,-0.234952806,0.356724652,log-log regression against wb_gdp_per_capita_usd_2020,,0,0.289,477.87,477.87,ochalek if available else woods mid point,0.544433349,Estimated from Clint's ANC data - uses highest LMIC value for all HICs
KOR,Republic of Korea,379563.2,378917.9426,645.25744,0.06679693,83.04102439,100,,0.99182186,0.977263809,0.6,risk-based,31631.47,,2624.53,,9.299447557,0.211744156,log-log regression against wb_health_expenditure_per_capita_usd_2019,2.379608528,0.161474392,log-log regression against wb_gdp_per_capita_usd_2020,,0,0.452,14297.42,14297.42,ochalek if available else woods mid point,0.852,Estimated from Clint's ANC data - uses highest LMIC value for all HICs
KWT,Kuwait,58280.8,57942.77136,338.02864,0.104022217,75.586,99.9,,0.992263644,0.896257066,0.2,risk-based,24811.77,,1758.67,,8.803838806,0.207518083,log-log regression against wb_health_expenditure_per_capita_usd_2019,2.164476367,0.155688724,log-log regression against wb_gdp_per_capita_usd_2020,,0,,0,15506.18,log-log regression against gdp per capita,0.852,Estimated from Clint's ANC data - uses highest LMIC value for all HICs
LAO,Lao People's Democratic Republic,166995.8,164223.6697,2772.13028,0.104022217,68.219,64.4,,0.728974299,0.555945527,0,none,2629.71,,68.22,,4.781003416,0.405957306,log-log regression against wb_health_expenditure_per_capita_usd_2019,0.176074959,0.305809461,log-log regression against wb_gdp_per_capita_usd_2020,,0,0.225,591.68,591.68,ochalek if available else woods mid point,0.561912432,Estimated from Clint's ANC data - uses highest LMIC value for all HICs
LBN,Lebanon,117336.2,116596.9819,739.21806,0.090300045,79.004,98.2,,0.979696752,0.933781199,0.2,risk-based,4649.55,,663.05,,7.596257652,0.232698568,log-log regression against wb_health_expenditure_per_capita_usd_2019,0.680958773,0.247357132,log-log regression against wb_gdp_per_capita_usd_2020,0.8125,3777.76,0.576,2678.14,3777.76,ochalek if available else woods mid point,0.57336327,Estimated from Clint's ANC data - uses highest LMIC value for all HICs
LBR,Liberia,158296.6,154465.8223,3830.77772,0.119657974,64.423,84.4,,0.980118571,0.819038021,0,none,632.94,,52.56,,4.458165947,0.430205751,log-log regression against wb_health_expenditure_per_capita_usd_2019,-1.08570141,0.467121093,log-log regression against wb_gdp_per_capita_usd_2020,,0,0.166,105.07,105.07,ochalek if available else woods mid point,0.637199811,Estimated from Clint's ANC data - uses highest LMIC value for all HICs
LBY,Libya,126282.2,125170.9166,1111.28336,0.08,73.082,99.9,,0.958071758,0.871478856,0,none,3699.29,,228.04,extrapolated from gdp per capita using log-log regression,6.274949534,0.302159014,log-log regression against wb_health_expenditure_per_capita_usd_2019,0.478410985,0.27009596,log-log regression against wb_gdp_per_capita_usd_2020,,0,1.273,4709.2,4709.2,ochalek if available else woods mid point,0.573478855,Estimated from Clint's ANC data - uses highest LMIC value for all HICs
LCA,Saint Lucia,2195.8,2171.20704,24.59296,0.098278723,76.343,100,,0.991111073,0.918634828,0,none,8804.56,,502.18,,7.252239504,0.247595923,log-log regression against wb_health_expenditure_per_capita_usd_2019,1.246618975,0.192038221,log-log regression against wb_gdp_per_capita_usd_2020,,0,0.26,2289.19,2289.19,ochalek if available else woods mid point,0.557256216,Estimated from Clint's ANC data - uses highest LMIC value for all HICs
LKA,Sri Lanka,339036.4,337069.9889,1966.41112,0.069794984,77.00826829,99.5,,0.991215011,0.944029408,0,none,3680.67,,160.7,,5.841687049,0.330416284,log-log regression against wb_health_expenditure_per_capita_usd_2019,0.47394053,0.270609937,log-log regression against wb_gdp_per_capita_usd_2020,0.43,1582.69,0.278,1023.23,1582.69,ochalek if available else woods mid point,0.529483856,Estimated from Clint's ANC data - uses highest LMIC value for all HICs
LSO,Lesotho,56788.8,55204.39248,1584.40752,0.119657974,54.836,86.6,,0.968406502,0.776004888,0,none,875.35,,124.19,,5.522632506,0.352328605,log-log regression against wb_health_expenditure_per_capita_usd_2019,-0.798443021,0.429309467,log-log regression against wb_gdp_per_capita_usd_2020,0.61,533.96,0.271,237.22,533.96,ochalek if available else woods mid point,0.560835623,Estimated from Clint's ANC data - uses highest LMIC value for all HICs
LTU,Lithuania,29209.2,29127.41424,81.78576,0.05415227,75.87165854,100,,0.99321788,0.984098287,0.8,screen_and_risk-based,20233.64,,1369.98,,8.494644496,0.209336633,log-log regression against wb_health_expenditure_per_capita_usd_2019,1.983773592,0.155259577,log-log regression against wb_gdp_per_capita_usd_2020,,0,0.508,10278.69,10278.69,ochalek if available else woods mid point,0.852,Estimated from Clint's ANC data - uses highest LMIC value for all HICs
LUX,Luxembourg,6361.8,6340.16988,21.63012,0.09643487,82.35580488,99.9,,0.995791288,0.992240291,0.8,screen_and_risk-based,116014.6,,6220.74,,10.36778863,0.247319876,log-log regression against wb_health_expenditure_per_capita_usd_2019,3.530919638,0.258571874,log-log regression against wb_gdp_per_capita_usd_2020,,0,0.884,102556.91,102556.91,ochalek if available else woods mid point,0.852,Estimated from Clint's ANC data - uses highest LMIC value for all HICs
LVA,Latvia,20889.8,20822.95264,66.84736,0.054,75.1362439,99.9,,0.950394716,0.941231512,0.8,screen_and_risk-based,17726.25,,1166.8,,8.295913754,0.212285104,log-log regression against wb_health_expenditure_per_capita_usd_2019,1.866566218,0.157182237,log-log regression against wb_gdp_per_capita_usd_2020,,0,0.523,9270.83,9270.83,ochalek if available else woods mid point,0.852,Estimated from Clint's ANC data - uses highest LMIC value for all HICs
MAR,Morocco,681840.2,672294.4372,9545.7628,0.134051542,76.901,86.6,,0.870781462,0.514445189,0,none,3058.69,,174.22,,5.941688736,0.323727728,log-log regression against wb_health_expenditure_per_capita_usd_2019,0.309949325,0.289772657,log-log regression against wb_gdp_per_capita_usd_2020,0.415,1269.36,0.331,1012.43,1269.36,ochalek if available else woods mid point,0.619352486,Estimated from Clint's ANC data - uses highest LMIC value for all HICs
MDA,Republic of Moldova,41131,40847.1961,283.8039,0.08716135,71.88653659,99.7,,0.99294333,0.963311597,0.8,screen_and_risk-based,4547.06,,284.31,,6.547973753,0.285447227,log-log regression against wb_health_expenditure_per_capita_usd_2019,0.661211966,0.249522783,log-log regression against wb_gdp_per_capita_usd_2020,1.125,5115.44,0.238,1082.2,5115.44,ochalek if available else woods mid point,0.662861395,Estimated from Clint's ANC data - uses highest LMIC value for all HICs
MDG,Madagascar,851998.8,837940.8198,14057.9802,0.119657974,67.39,46.1,,0.848976488,0.503987691,0,none,471.49,,19.85,,3.252703372,0.524005491,log-log regression against wb_health_expenditure_per_capita_usd_2019,-1.346585532,0.501796998,log-log regression against wb_gdp_per_capita_usd_2020,0.1875,88.4,0.261,123.06,88.4,ochalek if available else woods mid point,0.51341307,Estimated from Clint's ANC data - uses highest LMIC value for all HICs
MDV,Maldives,7167.8,7126.22676,41.57324,0.062311869,79.208,99.5,,0.99297462,0.978085324,0,none,6924.11,,854.37,,7.910097091,0.221736974,log-log regression against wb_health_expenditure_per_capita_usd_2019,1.033767288,0.211061558,log-log regression against wb_gdp_per_capita_usd_2020,,0,0.3,2077.23,2077.23,ochalek if available else woods mid point,0.852031715,Estimated from Clint's ANC data - uses highest LMIC value for all HICs
MEX,Mexico,2224071,2208947.317,15123.6828,0.070431876,75.131,96.6,,0.985717402,0.946191308,0.6,screen_and_risk-based,8329.27,,540.37,,7.342976162,0.243401804,log-log regression against wb_health_expenditure_per_capita_usd_2019,1.197455697,0.196192411,log-log regression against wb_gdp_per_capita_usd_2020,0.825,6871.65,0.476,3964.73,6871.65,ochalek if available else woods mid point,0.556304383,Estimated from Clint's ANC data - uses highest LMIC value for all HICs
MKD,The former Yugoslav Republic of Macedonia,22657.6,22564.70384,92.89616,0.08716135,75.918,100,,0.993811019,0.956672025,0.8,screen_and_risk-based,5917.26,,436.89,,7.079820315,0.256040309,log-log regression against wb_health_expenditure_per_capita_usd_2019,0.89455713,0.224781911,log-log regression against wb_gdp_per_capita_usd_2020,1,5917.26,0.419,2479.33,5917.26,ochalek if available else woods mid point,0.545356436,Estimated from Clint's ANC data - uses highest LMIC value for all HICs
MLI,Mali,787495.8,771982.1327,15513.66726,0.119657974,59.692,67.3,,0.827429703,0.422785536,0,none,862.45,,34.28,,3.929071332,0.4708312,log-log regression against wb_health_expenditure_per_capita_usd_2019,-0.811595968,0.431030925,log-log regression against wb_gdp_per_capita_usd_2020,0.11,94.87,0.256,220.79,94.87,ochalek if available else woods mid point,0.551137468,Estimated from Clint's ANC data - uses highest LMIC value for all HICs
MLT,Malta,4301.6,4288.6952,12.9048,0.07081892,82.59539024,99.7,,0.993189794,0.988026735,0.8,screen_and_risk-based,27884.64,,2531.91,,9.254970384,0.211012607,log-log regression against wb_health_expenditure_per_capita_usd_2019,2.267914652,0.157777899,log-log regression against wb_gdp_per_capita_usd_2020,,0,0.461,12854.82,12854.82,ochalek if available else woods mid point,0.852,Estimated from Clint's ANC data - uses highest LMIC value for all HICs
MMR,Myanmar,947677.4,934315.1487,13362.25134,0.104022217,67.363,60.2,,0.926053609,0.698443128,0,none,1467.6,,60.02,,4.622470687,0.417807189,log-log regression against wb_health_expenditure_per_capita_usd_2019,-0.340634394,0.370135898,log-log regression against wb_gdp_per_capita_usd_2020,,0,,0,496.32,log-log regression against gdp per capita,0.559177936,Estimated from Clint's ANC data - uses highest LMIC value for all HICs
MNE,Montenegro,7417.6,7390.89664,26.70336,0.08716135,76.94297561,98.8,,0.915489267,0.87423408,0.6,screen_and_risk-based,7677.15,,735.16,,7.724061587,0.227907961,log-log regression against wb_health_expenditure_per_capita_usd_2019,1.125228802,0.202567057,log-log regression against wb_gdp_per_capita_usd_2020,,0,0.49,3761.8,3761.8,ochalek if available else woods mid point,0.548205039,Estimated from Clint's ANC data - uses highest LMIC value for all HICs
MNG,Mongolia,76703.6,76304.74128,398.85872,0.104022217,70.056,99.3,,0.990037738,0.906219559,0,none,4060.95,,163.44,,5.862616793,0.329008827,log-log regression against wb_health_expenditure_per_capita_usd_2019,0.561046211,0.260684477,log-log regression against wb_gdp_per_capita_usd_2020,0.445,1807.12,0.339,1376.66,1807.12,ochalek if available else woods mid point,0.536368781,Estimated from Clint's ANC data - uses highest LMIC value for all HICs
MOZ,Mozambique,1099017,1075168.331,23848.6689,0.119657974,61.387,73,,0.934086968,0.611698921,0,none,448.54,,39.46,,4.103283372,0.457347029,log-log regression against wb_health_expenditure_per_capita_usd_2019,-1.390793034,0.5076997,log-log regression against wb_gdp_per_capita_usd_2020,0.4175,187.27,0.256,114.83,187.27,ochalek if available else woods mid point,0.523160748,Estimated from Clint's ANC data - uses highest LMIC value for all HICs
MRT,Mauritania,147273.8,144033.7764,3240.0236,0.119657974,65.129,69.3,,0.920445485,0.596000079,0,none,1701.99,,57.88,,4.577525487,0.421187362,log-log regression against wb_health_expenditure_per_capita_usd_2019,-0.209367653,0.353494835,log-log regression against wb_gdp_per_capita_usd_2020,0.23,391.46,0.196,333.59,391.46,ochalek if available else woods mid point,0.560053132,Estimated from Clint's ANC data - uses highest LMIC value for all HICs
MUS,Mauritius,12965.2,12831.65844,133.54156,0.119657974,75.10841463,99.8,,0.995290244,0.95874454,0.2,risk-based,8627.84,,685.95,,7.638291669,0.23107551,log-log regression against wb_health_expenditure_per_capita_usd_2019,1.2286564,0.19353786,log-log regression against wb_gdp_per_capita_usd_2020,0.4975,4292.35,0.442,3813.51,4292.35,ochalek if available else woods mid point,0.572527794,Estimated from Clint's ANC data - uses highest LMIC value for all HICs
MWI,Malawi,614449.6,604434.0715,10015.52848,0.104795952,64.694,89.8,,0.988686373,0.523592808,0,none,636.82,,30.4,,3.780368543,0.482415475,log-log regression against wb_health_expenditure_per_capita_usd_2019,-1.080287181,0.466404566,log-log regression against wb_gdp_per_capita_usd_2020,0.375,238.81,0.156,99.34,238.81,ochalek if available else woods mid point,0.482155965,Estimated from Clint's ANC data - uses highest LMIC value for all HICs
MYS,Malaysia,527284.2,524384.1369,2900.0631,0.104022217,76.306,99.6,,0.995365003,0.923046917,0,none,10412.35,,436.61,,7.079026662,0.256080545,log-log regression against wb_health_expenditure_per_capita_usd_2019,1.395208217,0.180506569,log-log regression against wb_gdp_per_capita_usd_2020,0.625,6507.72,0.486,5060.4,6507.72,ochalek if available else woods mid point,0.561451682,Estimated from Clint's ANC data - uses highest LMIC value for all HICs
NAM,Namibia,70009.4,68980.26182,1029.13818,0.119657974,64.045,88.2,,0.97702712,0.849049391,0,none,4179.28,,427.26,,7.052227832,0.257446238,log-log regression against wb_health_expenditure_per_capita_usd_2019,0.586491686,0.257822242,log-log regression against wb_gdp_per_capita_usd_2020,0.8625,3604.63,0.383,1600.66,3604.63,ochalek if available else woods mid point,0.54796802,Estimated from Clint's ANC data - uses highest LMIC value for all HICs
NER,Niger,1022826.2,1002778.806,20047.39352,0.119657974,62.792,39.1,,0.827064369,0.335565883,0,none,567.67,,31.4,,3.820435382,0.479287733,log-log regression against wb_health_expenditure_per_capita_usd_2019,-1.182120988,0.479903576,log-log regression against wb_gdp_per_capita_usd_2020,0.275,156.11,0.225,127.73,156.11,ochalek if available else woods mid point,0.515136807,Estimated from Clint's ANC data - uses highest LMIC value for all HICs
NGA,Nigeria,7377285,7213509.273,163775.727,0.114194384,55.018,43.3,,0.78270712,0.630004847,0,none,2097.09,,71.47,,4.838617952,0.401680255,log-log regression against wb_health_expenditure_per_capita_usd_2019,-0.024429339,0.330369464,log-log regression against wb_gdp_per_capita_usd_2020,0.0925,193.98,0.332,696.23,193.98,ochalek if available else woods mid point,0.558069382,Estimated from Clint's ANC data - uses highest LMIC value for all HICs
NIC,Nicaragua,134044.8,132597.1162,1447.68384,0.098278723,74.697,96,,0.963722829,0.875629276,0,none,1905.26,,160.76,,5.842149174,0.330385165,log-log regression against wb_health_expenditure_per_capita_usd_2019,-0.109417714,0.340946314,log-log regression against wb_gdp_per_capita_usd_2020,1.2875,2453.02,0.257,489.65,2453.02,ochalek if available else woods mid point,0.629955077,Estimated from Clint's ANC data - uses highest LMIC value for all HICs
NLD,Netherlands,171751,171355.9727,395.0273,0.074378304,82.3757561,99,HIC region average,0.99574159,0.992106104,0.6,risk-based,52397.12,,5335.3,,10.17770802,0.238770286,log-log regression against wb_health_expenditure_per_capita_usd_2019,2.826732263,0.188987023,log-log regression against wb_gdp_per_capita_usd_2020,,0,0.581,30442.73,30442.73,ochalek if available else woods mid point,0.852,Estimated from Clint's ANC data - uses highest LMIC value for all HICs
NOR,Norway,58755.6,58614.58656,141.01344,0.058168,82.50882927,99.2,,0.99600991,0.9927062,0.6,risk-based,67329.68,,8007.4,,10.68034466,0.263015654,log-log regression against wb_health_expenditure_per_capita_usd_2019,3.048876623,0.208405667,log-log regression against wb_gdp_per_capita_usd_2020,,0,0.921,62010.64,62010.64,ochalek if available else woods mid point,0.852,Estimated from Clint's ANC data - uses highest LMIC value for all HICs
NPL,Nepal,562041.4,552205.6755,9835.7245,0.052859244,71.067,77.2,,0.953536662,0.70965761,0,none,1155.14,,53.25,,4.474311919,0.428982361,log-log regression against wb_health_expenditure_per_capita_usd_2019,-0.552730052,0.397354968,log-log regression against wb_gdp_per_capita_usd_2020,0.345,398.52,0.21,242.58,398.52,ochalek if available else woods mid point,0.585162266,Estimated from Clint's ANC data - uses highest LMIC value for all HICs
NZL,New Zealand,59614.4,59453.44112,160.95888,0.07468789,82.38058537,96.4,,0.985757373,0.942750333,0.6,risk-based,41441.47,,4211.05,,9.884766365,0.227301703,log-log regression against wb_health_expenditure_per_capita_usd_2019,2.618922078,0.173942095,log-log regression against wb_gdp_per_capita_usd_2020,,0,0.546,22627.04,22627.04,ochalek if available else woods mid point,0.852,Estimated from Clint's ANC data - uses highest LMIC value for all HICs
OMN,Oman,91892.2,91377.60368,514.59632,0.092312403,78.078,98.6,,0.993663098,0.931943183,0.2,screen_and_risk-based,14485.39,,624.74,,7.522580825,0.23565196,log-log regression against wb_health_expenditure_per_capita_usd_2019,1.687693345,0.163295586,log-log regression against wb_gdp_per_capita_usd_2020,,0,0.682,9879.04,9879.04,ochalek if available else woods mid point,0.852,Estimated from Clint's ANC data - uses highest LMIC value for all HICs
PAK,Pakistan,5994075.2,5810656.499,183418.7011,0.083850183,67.428,71,,0.902096408,0.563504035,0,none,1188.86,,39.5,,4.104537634,0.457250308,log-log regression against wb_health_expenditure_per_capita_usd_2019,-0.527239156,0.394064228,log-log regression against wb_gdp_per_capita_usd_2020,0.1075,127.8,0.279,331.69,127.8,ochalek if available else woods mid point,0.622133992,Estimated from Clint's ANC data - uses highest LMIC value for all HICs
PAN,Panama,79013.2,78404.79836,608.40164,0.098278723,78.68,92.9,,0.979239324,0.932067583,0.25,risk-based,12509.84,,1192.82,,8.323217263,0.211799718,log-log regression against wb_health_expenditure_per_capita_usd_2019,1.557795105,0.169934341,log-log regression against wb_gdp_per_capita_usd_2020,1.08,13510.63,0.364,4553.58,13510.63,ochalek if available else woods mid point,0.852,Estimated from Clint's ANC data - uses highest LMIC value for all HICs
PER,Peru,574091,570014.9539,4076.0461,0.0879181,76.947,94.4,,0.963810922,0.922809551,0,none,6126.87,,370.11,,6.874466493,0.266838618,log-log regression against wb_health_expenditure_per_capita_usd_2019,0.925396507,0.221667287,log-log regression against wb_gdp_per_capita_usd_2020,0.8425,5161.89,0.441,2701.95,5161.89,ochalek if available else woods mid point,0.707329325,Estimated from Clint's ANC data - uses highest LMIC value for all HICs
PHL,Philippines,2177879.4,2155229.454,22649.94576,0.132744293,71.36,84.4,,0.972944242,0.864889757,0.2,risk-based,3298.83,,142.08,,5.689233858,0.340783328,log-log regression against wb_health_expenditure_per_capita_usd_2019,0.376908272,0.281878894,log-log regression against wb_gdp_per_capita_usd_2020,0.29,956.66,0.279,920.37,956.66,ochalek if available else woods mid point,0.628958505,Estimated from Clint's ANC data - uses highest LMIC value for all HICs
PNG,Papua New Guinea,232188.4,228450.1668,3738.23324,0.099769678,64.725,56.4,,0.731809082,0.621542379,0,none,2757.22,,65.08,,4.722670258,0.410304005,log-log regression against wb_health_expenditure_per_capita_usd_2019,0.218022762,0.300750347,log-log regression against wb_gdp_per_capita_usd_2020,,0,0.214,590.05,590.05,ochalek if available else woods mid point,0.551506272,Estimated from Clint's ANC data - uses highest LMIC value for all HICs
POL,Poland,374675.6,373813.8461,861.75388,0.07254238,78.77963415,99.8,,0.9892286,0.95597046,0.8,screen_and_risk-based,15720.99,,1014.04,,8.122200363,0.215953957,log-log regression against wb_health_expenditure_per_capita_usd_2019,1.760211508,0.160372536,log-log regression against wb_gdp_per_capita_usd_2020,,0,0.491,7719.01,7719.01,ochalek if available else woods mid point,0.852,Estimated from Clint's ANC data - uses highest LMIC value for all HICs
PRK,Democratic People's Republic of Korea,355179.8,352160.7717,3019.0283,0.104022217,72.453,99.5,,0.989586381,0.938745619,0,none,698.25,Calculated using GDP from trading economics.com,36.19,extrapolated from gdp per capita using log-log regression,3.996194296,0.465624261,log-log regression against wb_health_expenditure_per_capita_usd_2019,-0.998702537,0.455624436,log-log regression against wb_gdp_per_capita_usd_2020,,0,,0,201.16,log-log regression against gdp per capita,0.525677389,Estimated from Clint's ANC data - uses highest LMIC value for all HICs
PRT,Portugal,80573.8,80372.3655,201.4345,0.07725181,82.05212195,99.9,,0.993774838,0.987403102,0.8,screen_and_risk-based,22176.3,,2221.44,,9.09302289,0.208927207,log-log regression against wb_health_expenditure_per_capita_usd_2019,2.064992724,0.154940235,log-log regression against wb_gdp_per_capita_usd_2020,,0,0.512,11354.27,11354.27,ochalek if available else woods mid point,0.852,Estimated from Clint's ANC data - uses highest LMIC value for all HICs
PRY,Paraguay,143157.4,141654.2473,1503.1527,0.080731544,74.363,97.7,,0.979218645,0.91880588,0,none,5001.07,,388.39,,6.93414808,0.26362245,log-log regression against wb_health_expenditure_per_capita_usd_2019,0.745526006,0.240362686,log-log regression against wb_gdp_per_capita_usd_2020,1.1525,5763.73,0.246,1230.26,5763.73,ochalek if available else woods mid point,0.612776324,Estimated from Clint's ANC data - uses highest LMIC value for all HICs
QAT,Qatar,26311.8,26169.71628,142.08372,0.044842162,80.363,100,,0.975595989,0.920799518,0,none,50124.39,,1807.15,,8.837502797,0.207527472,log-log regression against wb_health_expenditure_per_capita_usd_2019,2.787447043,0.185885875,log-log regression against wb_gdp_per_capita_usd_2020,,0,1.582,79296.78,79296.78,ochalek if available else woods mid point,0.852,Estimated from Clint's ANC data - uses highest LMIC value for all HICs
ROU,Romania,191576.8,190963.7542,613.04576,0.08716135,76.1134878,94.8,,0.890108675,0.74587924,0.8,screen_and_risk-based,12896.09,,738.56,,7.729773747,0.227704034,log-log regression against wb_health_expenditure_per_capita_usd_2019,1.58473476,0.168417014,log-log regression against wb_gdp_per_capita_usd_2020,0.7825,10091.19,0.465,5996.68,10091.19,ochalek if available else woods mid point,0.553047392,Estimated from Clint's ANC data - uses highest LMIC value for all HICs
RUS,Russian Federation,1857519.2,1850460.627,7058.57296,0.086156521,72.49631707,99.7,,0.993063599,0.953567346,0.8,screen_and_risk-based,10126.72,,653.42,,7.578145973,0.233411909,log-log regression against wb_health_expenditure_per_capita_usd_2019,1.370566201,0.182304583,log-log regression against wb_gdp_per_capita_usd_2020,0.6725,6810.22,0.726,7352,6810.22,ochalek if available else woods mid point,0.547739122,Estimated from Clint's ANC data - uses highest LMIC value for all HICs
RWA,Rwanda,390282.4,383686.6274,6595.77256,0.119657974,69.329,94.3,,0.99365997,0.44468627,0,none,797.86,,51.4,,4.430538205,0.432301566,log-log regression against wb_health_expenditure_per_capita_usd_2019,-0.880559661,0.440073322,log-log regression against wb_gdp_per_capita_usd_2020,0.3525,281.25,0.224,178.72,281.25,ochalek if available else woods mid point,0.541532694,Estimated from Clint's ANC data - uses highest LMIC value for all HICs
SAU,Saudi Arabia,599706,596707.47,2998.53,0.03956854,75.28,99.4,,0.988191396,0.935097244,0.2,risk-based,20110.32,,1316.26,,8.445124028,0.209943476,log-log regression against wb_health_expenditure_per_capita_usd_2019,1.978357556,0.155310584,log-log regression against wb_gdp_per_capita_usd_2020,,0,0.766,15404.51,15404.51,ochalek if available else woods mid point,0.852,Estimated from Clint's ANC data - uses highest LMIC value for all HICs
SDN,Sudan,1338966.8,1308706.15,30260.64968,0.134051542,65.53,77.7,,0.871306723,0.603410121,0,none,486.42,,46.93,,4.317907563,0.44087669,log-log regression against wb_health_expenditure_per_capita_usd_2019,-1.318967327,0.498113035,log-log regression against wb_gdp_per_capita_usd_2020,0.1425,69.31,0.37,179.98,69.31,ochalek if available else woods mid point,0.563800646,Estimated from Clint's ANC data - uses highest LMIC value for all HICs
SEN,Senegal,544018.2,533301.0415,10717.15854,0.119657974,68.213,74.5,,0.97811355,0.567944693,0,none,1471.83,,59.1,,4.603348066,0.419244256,log-log regression against wb_health_expenditure_per_capita_usd_2019,-0.338084614,0.369811053,log-log regression against wb_gdp_per_capita_usd_2020,0.3775,555.62,0.237,348.82,555.62,ochalek if available else woods mid point,0.609698119,Estimated from Clint's ANC data - uses highest LMIC value for all HICs
SGP,Singapore,50058.8,49958.6824,100.1176,0.104022217,83.72865854,99.6,,0.992219898,0.99019701,0.8,screen_and_risk-based,59797.75,,2632.71,,9.303299958,0.211810692,log-log regression against wb_health_expenditure_per_capita_usd_2019,2.943777011,0.198846314,log-log regression against wb_gdp_per_capita_usd_2020,,0,0.755,45147.3,45147.3,ochalek if available else woods mid point,0.852,Estimated from Clint's ANC data - uses highest LMIC value for all HICs
SLB,Solomon Islands,21098.2,20885.10818,213.09182,0.099769678,73.132,86.2,,0.9521014,0.802705645,0,none,2250.6,,111.9,,5.39362865,0.361410168,log-log regression against wb_health_expenditure_per_capita_usd_2019,0.03815762,0.322640534,log-log regression against wb_gdp_per_capita_usd_2020,,0,0.245,551.4,551.4,ochalek if available else woods mid point,0.545082052,Estimated from Clint's ANC data - uses highest LMIC value for all HICs
SLE,Sierra Leone,255448,249393.8824,6054.1176,0.119657974,55.066,86.9,,0.960178566,0.86854483,0,none,509.38,,46.16,,4.297427408,0.442441157,log-log regression against wb_health_expenditure_per_capita_usd_2019,-1.278106993,0.492668087,log-log regression against wb_gdp_per_capita_usd_2020,0.18,91.69,0.389,198.15,91.69,ochalek if available else woods mid point,0.517031802,Estimated from Clint's ANC data - uses highest LMIC value for all HICs
SLV,El Salvador,117746.8,116557.5573,1189.24268,0.095898838,73.533,99.9,,0.979183867,0.915533498,0,none,3798.64,,300.05,,6.614679762,0.281514812,log-log regression against wb_health_expenditure_per_capita_usd_2019,0.501889849,0.267404478,log-log regression against wb_gdp_per_capita_usd_2020,0.805,3057.91,0.322,1223.16,3057.91,ochalek if available else woods mid point,0.553644254,Estimated from Clint's ANC data - uses highest LMIC value for all HICs
SOM,Somalia,621536.6,604879.4191,16657.18088,0.119657974,57.697,31.9,,0.49044228,0.122721418,0,none,438.26,,21.64,extrapolated from gdp per capita using log-log regression,3.359587917,0.5155253,log-log regression against wb_health_expenditure_per_capita_usd_2019,-1.411333584,0.510444745,log-log regression against wb_gdp_per_capita_usd_2020,,0,,0,114.21,log-log regression against gdp per capita,0.576561466,Estimated from Clint's ANC data - uses highest LMIC value for all HICs
SRB,Serbia,84122.8,83752.65968,370.14032,0.119691925,76.09063415,99.9,,0.99492369,0.9487282,0.8,screen_and_risk-based,7720.51,,641.03,,7.554446704,0.234357873,log-log regression against wb_health_expenditure_per_capita_usd_2019,1.130218346,0.202116816,log-log regression against wb_gdp_per_capita_usd_2020,,0,0.477,3682.68,3682.68,ochalek if available else woods mid point,0.545392248,Estimated from Clint's ANC data - uses highest LMIC value for all HICs
SSD,South Sudan,385502.8,374400.3194,11102.48064,0.119657974,58.095,19.4,,0.586515897,0.240957577,0,none,322.2,Value from WEO,22.64,,3.415512388,0.511098901,log-log regression against wb_health_expenditure_per_capita_usd_2019,-1.68387832,0.547000831,log-log regression against wb_gdp_per_capita_usd_2020,,0,0.293,94.4,94.4,ochalek if available else woods mid point,0.564423997,Estimated from Clint's ANC data - uses highest LMIC value for all HICs
STP,Sao Tome and Principe,6645.2,6561.47048,83.72952,0.119657974,70.583,96.8,,0.992962848,0.864081471,0,none,2157.84,,108.45,,5.354860312,0.364161985,log-log regression against wb_health_expenditure_per_capita_usd_2019,0.000869964,0.327238837,log-log regression against wb_gdp_per_capita_usd_2020,,0,0.282,608.51,608.51,ochalek if available else woods mid point,0.59016057,Estimated from Clint's ANC data - uses highest LMIC value for all HICs
SUR,Suriname,10693.6,10573.83168,119.76832,0.098278723,71.802,98.4,,0.966235856,0.722342357,0,none,4916.61,,619.25,,7.511654001,0.236101485,log-log regression against wb_health_expenditure_per_capita_usd_2019,0.730436444,0.241985049,log-log regression against wb_gdp_per_capita_usd_2020,,0,0.481,2364.89,2364.89,ochalek if available else woods mid point,0.562554798,Estimated from Clint's ANC data - uses highest LMIC value for all HICs
SVK,Slovakia,57084.4,56924.56368,159.83632,0.090673685,77.55446341,98,,0.992304749,0.984341729,0.8,screen_and_risk-based,19266.51,,1342.07,,8.469163692,0.209638164,log-log regression against wb_health_expenditure_per_capita_usd_2019,1.940382749,0.155771892,log-log regression against wb_gdp_per_capita_usd_2020,,0,0.509,9806.65,9806.65,ochalek if available else woods mid point,0.852,Estimated from Clint's ANC data - uses highest LMIC value for all HICs
SVN,Slovenia,20171.4,20120.9715,50.4285,0.07261171,81.39834146,99.8,,0.993126606,0.992372926,0.8,screen_and_risk-based,25517.33,,2219.1,,9.091718175,0.208914139,log-log regression against wb_health_expenditure_per_capita_usd_2019,2.189317329,0.156069926,log-log regression against wb_gdp_per_capita_usd_2020,,0,0.521,13294.53,13294.53,ochalek if available else woods mid point,0.852,Estimated from Clint's ANC data - uses highest LMIC value for all HICs
SWE,Sweden,118086.6,117803.1922,283.40784,0.05846348,82.90119512,99,HIC region average,0.990967617,0.987189994,0.6,risk-based,52274.41,,5671.39,,10.25333374,0.242074144,log-log regression against wb_health_expenditure_per_capita_usd_2019,2.82465507,0.188820298,log-log regression against wb_gdp_per_capita_usd_2020,,0,0.624,32619.23,32619.23,ochalek if available else woods mid point,0.852,Estimated from Clint's ANC data - uses highest LMIC value for all HICs
SWZ,Eswatini,30241.4,29842.21352,399.18648,0.119657974,60.721,88.3,,0.991091309,0.810492403,0,none,3424.28,,264.06,,6.456502524,0.290939397,log-log regression against wb_health_expenditure_per_capita_usd_2019,0.409973844,0.278015219,log-log regression against wb_gdp_per_capita_usd_2020,0.5875,2011.76,0.251,859.49,2011.76,ochalek if available else woods mid point,0.516276868,Estimated from Clint's ANC data - uses highest LMIC value for all HICs
SYC,Seychelles,1625.8,1610.3549,15.4451,0.119657974,73.63231707,99,,0.991996961,0.937506341,0,none,10764.42,,839.77,,7.888759275,0.222394303,log-log regression against wb_health_expenditure_per_capita_usd_2019,1.424668335,0.178421146,log-log regression against wb_gdp_per_capita_usd_2020,,0,0.5,5382.21,5382.21,ochalek if available else woods mid point,0.852,Estimated from Clint's ANC data - uses highest LMIC value for all HICs
SYR,Syrian Arab Republic,426043,421399.1313,4643.8687,0.104022217,73.651,96.2,,0.903980104,0.702706838,0,none,2806.69,Value from WE 2019,168.1,extrapolated from gdp per capita using log-log regression,5.897419597,0.326677258,log-log regression against wb_health_expenditure_per_capita_usd_2019,0.233777037,0.298858116,log-log regression against wb_gdp_per_capita_usd_2020,,0,,0,1092.11,log-log regression against gdp per capita,0.52666751,Estimated from Clint's ANC data - uses highest LMIC value for all HICs
TCD,Chad,647880.8,630064.078,17816.722,0.119657974,54.505,24.3,,0.718714311,0.38372912,0,none,659.27,,29.85,,3.757766206,0.484181924,log-log regression against wb_health_expenditure_per_capita_usd_2019,-1.049593442,0.462345115,log-log regression against wb_gdp_per_capita_usd_2020,0.1775,117.02,0.368,242.61,117.02,ochalek if available else woods mid point,0.546284012,Estimated from Clint's ANC data - uses highest LMIC value for all HICs
TGO,Togo,259878.8,254057.5149,5821.28512,0.119657974,61.34,69.4,,0.948489333,0.619988896,0,none,914.95,,51.16,,4.424744323,0.432741473,log-log regression against wb_health_expenditure_per_capita_usd_2019,-0.759244888,0.424185392,log-log regression against wb_gdp_per_capita_usd_2020,0.2375,217.3,0.298,272.66,217.3,ochalek if available else woods mid point,0.54547495,Estimated from Clint's ANC data - uses highest LMIC value for all HICs
THA,Thailand,724587,720384.3954,4202.6046,0.12700202,77.344,99.1,,0.987903404,0.942182753,0.2,risk-based,7186.87,,296.17,,6.598567112,0.282458885,log-log regression against wb_health_expenditure_per_capita_usd_2019,1.066764516,0.207945652,log-log regression against wb_gdp_per_capita_usd_2020,0.945,6791.59,0.439,3155.04,6791.59,ochalek if available else woods mid point,0.557800366,Estimated from Clint's ANC data - uses highest LMIC value for all HICs
TJK,Tajikistan,280780.2,278253.1782,2527.0218,0.104022217,71.301,94.8,,0.950964495,0.687446273,0,none,859.14,,61.87,,4.660052061,0.414987672,log-log regression against wb_health_expenditure_per_capita_usd_2019,-0.815002591,0.431476951,log-log regression against wb_gdp_per_capita_usd_2020,0.4225,362.99,0.291,250.01,362.99,ochalek if available else woods mid point,0.635035645,Estimated from Clint's ANC data - uses highest LMIC value for all HICs
TKM,Turkmenistan,139062.2,137866.2651,1195.93492,0.104022217,68.313,100,,0.993457372,0.963939998,0,none,7673.6,Value from WEO,500.01,,7.246878502,0.247849287,log-log regression against wb_health_expenditure_per_capita_usd_2019,1.124819047,0.202604095,log-log regression against wb_gdp_per_capita_usd_2020,0.3025,2321.26,0.551,4228.15,2321.26,ochalek if available else woods mid point,0.544547839,Estimated from Clint's ANC data - uses highest LMIC value for all HICs
TLS,Timor-Leste,37395.8,36909.6546,486.1454,0.104022217,69.712,56.7,,0.871910924,0.616662704,0,none,1442.73,,92.67,,5.160198414,0.378126546,log-log regression against wb_health_expenditure_per_capita_usd_2019,-0.355775908,0.372066191,log-log regression against wb_gdp_per_capita_usd_2020,,0,0.21,302.97,302.97,ochalek if available else woods mid point,0.589614814,Estimated from Clint's ANC data - uses highest LMIC value for all HICs
TON,Tonga,2524.6,2505.16058,19.43942,0.099769678,71.018,98.3,,0.98867079,0.94714945,0,none,4624.82,,242.37,,6.350396136,0.297447186,log-log regression against wb_health_expenditure_per_capita_usd_2019,0.676234164,0.247874188,log-log regression against wb_gdp_per_capita_usd_2020,,0,0.301,1392.07,1392.07,ochalek if available else woods mid point,0.561735323,Estimated from Clint's ANC data - uses highest LMIC value for all HICs
TTO,Trinidad and Tobago,18147.6,17982.45684,165.14316,0.098278723,73.628,100,,0.999380686,0.9735602,0.2,risk-based,15425.64,,1167.93,,8.297112086,0.212263272,log-log regression against wb_health_expenditure_per_capita_usd_2019,1.743409387,0.1609973,log-log regression against wb_gdp_per_capita_usd_2020,,0,0.491,7573.99,7573.99,ochalek if available else woods mid point,0.852,Estimated from Clint's ANC data - uses highest LMIC value for all HICs
TUN,Tunisia,203693.8,201493.907,2199.89304,0.134051542,76.891,99.5,,0.960789208,0.812595012,0.2,risk-based,3521.59,,233.06,,6.301905903,0.300467717,log-log regression against wb_health_expenditure_per_capita_usd_2019,0.434798567,0.275130225,log-log regression against wb_gdp_per_capita_usd_2020,0.9525,3354.31,0.399,1405.11,3354.31,ochalek if available else woods mid point,0.519831757,Estimated from Clint's ANC data - uses highest LMIC value for all HICs
TUR,Turkey,1317555.6,1311758.355,5797.24464,0.124056635,77.928,97,,0.975105221,0.904766915,0,none,8536.43,,396.47,,6.959638098,0.2622678,log-log regression against wb_health_expenditure_per_capita_usd_2019,1.219220189,0.194334116,log-log regression against wb_gdp_per_capita_usd_2020,1.0875,9283.37,0.446,3807.25,9283.37,ochalek if available else woods mid point,0.799516913,Estimated from Clint's ANC data - uses highest LMIC value for all HICs
TZA,United Republic of Tanzania,2052006.8,2013429.072,38577.72784,0.165889778,65.815,63.5,,0.985203359,0.545297434,0.2,risk-based,1076.47,,40.34,,4.130587796,0.455242692,log-log regression against wb_health_expenditure_per_capita_usd_2019,-0.615217966,0.405442286,log-log regression against wb_gdp_per_capita_usd_2020,30.30%,325.63,0.198,213.14,325.63,ochalek if available else woods mid point,0.513857446,Estimated from Clint's ANC data - uses highest LMIC value for all HICs
UGA,Uganda,1613702.8,1584978.89,28723.90984,0.066227932,63.713,74.2,,0.987086914,0.619189084,0,none,822.03,,32.41,,3.859628025,0.476232782,log-log regression against wb_health_expenditure_per_capita_usd_2019,-0.854120447,0.436603452,log-log regression against wb_gdp_per_capita_usd_2020,0.19,156.19,0.179,147.14,156.19,ochalek if available else woods mid point,0.487704517,Estimated from Clint's ANC data - uses highest LMIC value for all HICs
UKR,Ukraine,425822,423905.801,1916.199,0.08716135,71.97465854,99.9,,0.993181794,0.938060734,0.2,risk-based,3724.94,,248.13,,6.379472432,0.295649742,log-log regression against wb_health_expenditure_per_capita_usd_2019,0.484532556,0.269392928,log-log regression against wb_gdp_per_capita_usd_2020,0.65,2421.21,0.586,2182.81,2421.21,ochalek if available else woods mid point,0.614887609,Estimated from Clint's ANC data - uses highest LMIC value for all HICs
URY,Uruguay,47930.8,47705.52524,225.27476,0.0896874,78.056,100,,0.980201311,0.947770479,0.8,screen_and_risk-based,15438.41,,1660.95,,8.733067125,0.207631672,log-log regression against wb_health_expenditure_per_capita_usd_2019,1.744142487,0.160969372,log-log regression against wb_gdp_per_capita_usd_2020,,0,0.471,7271.49,7271.49,ochalek if available else woods mid point,0.852,Estimated from Clint's ANC data - uses highest LMIC value for all HICs
USA,United States of America,3900750,3889047.75,11702.25,0.09561528,78.85158537,99.1,,0.988673018,0.987717221,0.8,screen_and_risk-based,63593.44,,10921.01,,11.06451046,0.284652265,log-log regression against wb_health_expenditure_per_capita_usd_2019,2.998298637,0.203728131,log-log regression against wb_gdp_per_capita_usd_2020,,0,0.566,35993.89,35993.89,ochalek if available else woods mid point,0.852,Estimated from Clint's ANC data - uses highest LMIC value for all HICs
UZB,Uzbekistan,702637.6,698070.4556,4567.1444,0.104022217,71.78041463,100,,0.995659202,0.942413699,0,none,1750.7,,98.57,,5.23660781,0.372616728,log-log regression against wb_health_expenditure_per_capita_usd_2019,-0.18436912,0.350345834,log-log regression against wb_gdp_per_capita_usd_2020,0.58,1015.41,0.2,350.14,1015.41,ochalek if available else woods mid point,0.630363445,Estimated from Clint's ANC data - uses highest LMIC value for all HICs
VCT,Saint Vincent and the Grenadines,1577.6,1558.51104,19.08896,0.098278723,72.658,98.6,,0.991365353,0.981194332,0,none,7278.02,,354.81,,6.822202632,0.269704785,log-log regression against wb_health_expenditure_per_capita_usd_2019,1.077929869,0.206904145,log-log regression against wb_gdp_per_capita_usd_2020,,0,0.343,2496.36,2496.36,ochalek if available else woods mid point,0.555164416,Estimated from Clint's ANC data - uses highest LMIC value for all HICs
VEN,Venezuela (Bolivarian Republic of),527518.6,522559.9252,4958.67484,0.097326393,72.066,99.1,,0.987366131,0.749668018,0,none,1690.66,Value from WEO,338.83,,6.765152698,0.272884631,log-log regression against wb_health_expenditure_per_capita_usd_2019,-0.215284872,0.354241197,log-log regression against wb_gdp_per_capita_usd_2020,0.3825,646.68,0.609,1029.61,646.68,ochalek if available else woods mid point,0.558516453,Estimated from Clint's ANC data - uses highest LMIC value for all HICs
VNM,Viet Nam,1609918.4,1597361.036,12557.36352,0.06530623,75.493,93.8,,0.968248957,0.76799476,0,none,2785.72,,180.72,,5.987035115,0.320725743,log-log regression against wb_health_expenditure_per_capita_usd_2019,0.227133083,0.299655584,log-log regression against wb_gdp_per_capita_usd_2020,0.7525,2096.25,0.27,752.14,2096.25,ochalek if available else woods mid point,0.599152622,Estimated from Clint's ANC data - uses highest LMIC value for all HICs
VUT,Vanuatu,8615.4,8519.76906,95.63094,0.099769678,70.623,89.4,,0.909745761,0.712238175,0,none,2870.09,,104.25,,5.305964248,0.367646964,log-log regression against wb_health_expenditure_per_capita_usd_2019,0.253566337,0.296487478,log-log regression against wb_gdp_per_capita_usd_2020,,0,0.338,970.09,970.09,ochalek if available else woods mid point,0.553108964,Estimated from Clint's ANC data - uses highest LMIC value for all HICs
WSM,Samoa,4808.4,4766.08608,42.31392,0.099769678,73.45,88.9,,0.958722454,0.641118428,0,none,4067.84,,271.92,,6.492813736,0.288745709,log-log regression against wb_health_expenditure_per_capita_usd_2019,0.562548033,0.26051506,log-log regression against wb_gdp_per_capita_usd_2020,,0,0.265,1077.98,1077.98,ochalek if available else woods mid point,0.561748756,Estimated from Clint's ANC data - uses highest LMIC value for all HICs
YEM,Yemen,864766.4,844271.4363,20494.96368,0.104022217,66.181,44.7,,0.675665808,0.305846982,0,none,580.22,Value from WEO,29.5,extrapolated from gdp per capita using log-log regression,3.743165025,0.485323828,log-log regression against wb_health_expenditure_per_capita_usd_2019,-1.162748476,0.477332039,log-log regression against wb_gdp_per_capita_usd_2020,0.17,98.64,0.262,152.02,98.64,ochalek if available else woods mid point,0.576721317,Estimated from Clint's ANC data - uses highest LMIC value for all HICs
ZAF,South Africa,1184993.8,1165559.902,19433.89832,0.124338675,64.379,96.7,,0.960577227,0.820546249,0.2,risk-based,5655.87,,546.69,,7.357370911,0.242753118,log-log regression against wb_health_expenditure_per_capita_usd_2019,0.854531592,0.228883057,log-log regression against wb_gdp_per_capita_usd_2020,0.5275,2983.47,0.47,2658.26,2983.47,ochalek if available else woods mid point,0.602202939,Estimated from Clint's ANC data - uses highest LMIC value for all HICs
ZMB,Zambia,621584.2,612384.7538,9199.44616,0.119657974,64.194,80.4,,0.97316858,0.671162739,0,none,985.13,,69.32,,4.800805394,0.404485464,log-log regression against wb_health_expenditure_per_capita_usd_2019,-0.693771583,0.415647951,log-log regression against wb_gdp_per_capita_usd_2020,0.385,379.28,0.312,307.36,379.28,ochalek if available else woods mid point,0.465481949,Estimated from Clint's ANC data - uses highest LMIC value for all HICs
ZWE,Zimbabwe,442284.6,435208.0464,7076.5536,0.119657974,61.738,86,,0.943466431,0.740976494,0,none,1214.51,,103.03,,5.291391445,0.368688635,log-log regression against wb_health_expenditure_per_capita_usd_2019,-0.508328422,0.391626186,log-log regression against wb_gdp_per_capita_usd_2020,0.265,321.85,0.165,200.39,321.85,ochalek if available else woods mid point,0.532042955,Estimated from Clint's ANC data - uses highest LMIC value for all HICs